filename,label
Image_1.jpg,sunrise
Image_2.jpg,shine
Image_3.jpg,cloudy
Image_4.jpg,shine
Image_5.jpg,sunrise
Image_6.jpg,cloudy
Image_7.jpg,foggy
Image_8.jpg,shine
Image_9.jpg,cloudy
Image_10.jpg,rainy
Image_11.jpg,rainy
Image_12.jpg,sunrise
Image_13.jpg,foggy
Image_14.jpg,foggy
Image_15.jpg,foggy
Image_16.jpg,foggy
Image_17.jpg,rainy
Image_18.jpg,cloudy
Image_19.jpg,rainy
Image_20.jpg,rainy
Image_21.jpg,rainy
Image_22.jpg,shine
Image_23.jpg,rainy
Image_24.jpg,shine
Image_25.jpg,sunrise
Image_26.jpg,sunrise
Image_27.jpg,cloudy
Image_28.jpg,rainy
Image_29.jpg,shine
Image_30.jpg,cloudy
Image_31.jpg,cloudy
Image_32.jpg,shine
Image_33.jpg,cloudy
Image_34.jpg,shine
Image_35.jpg,sunrise
Image_36.jpg,rainy
Image_37.jpg,foggy
Image_38.jpg,sunrise
Image_39.jpg,shine
Image_40.jpg,foggy
Image_41.jpg,cloudy
Image_42.jpg,foggy
Image_43.jpg,sunrise
Image_44.jpg,shine
Image_45.jpg,cloudy
Image_46.jpg,sunrise
Image_47.jpg,rainy
Image_48.jpg,sunrise
Image_49.jpg,rainy
Image_50.jpg,shine
Image_51.jpg,sunrise
Image_52.jpg,foggy
Image_53.jpg,shine
Image_54.jpg,shine
Image_55.jpg,shine
Image_56.jpg,cloudy
Image_57.jpg,foggy
Image_58.jpg,foggy
Image_59.jpg,rainy
Image_60.jpg,shine
Image_61.jpg,sunrise
Image_62.jpg,cloudy
Image_63.jpg,foggy
Image_64.jpg,foggy
Image_65.jpg,rainy
Image_66.jpg,shine
Image_67.jpg,sunrise
Image_68.jpg,cloudy
Image_69.jpg,shine
Image_70.jpg,shine
Image_71.jpg,foggy
Image_72.jpg,shine
Image_73.jpg,shine
Image_74.jpg,rainy
Image_75.jpg,foggy
Image_76.jpg,cloudy
Image_77.jpg,shine
Image_78.jpg,sunrise
Image_79.jpg,shine
Image_80.jpg,foggy
Image_81.jpg,sunrise
Image_82.jpg,rainy
Image_83.jpg,rainy
Image_84.jpg,shine
Image_85.jpg,rainy
Image_86.jpg,sunrise
Image_87.jpg,rainy
Image_88.jpg,rainy
Image_89.jpg,rainy
Image_90.jpg,sunrise
Image_91.jpg,sunrise
Image_92.jpg,cloudy
Image_93.jpg,rainy
Image_94.jpg,cloudy
Image_95.jpg,rainy
Image_96.jpg,foggy
Image_97.jpg,rainy
Image_98.jpg,foggy
Image_99.jpg,shine
Image_100.jpg,cloudy
Image_101.jpg,rainy
Image_102.jpg,rainy
Image_103.jpg,sunrise
Image_104.jpg,rainy
Image_105.jpg,cloudy
Image_106.jpg,foggy
Image_107.jpg,foggy
Image_108.jpg,cloudy
Image_109.jpg,sunrise
Image_110.jpg,rainy
Image_111.jpg,cloudy
Image_112.jpg,sunrise
Image_113.jpg,sunrise
Image_114.jpg,shine
Image_115.jpg,shine
Image_116.jpg,cloudy
Image_117.jpg,foggy
Image_118.jpg,cloudy
Image_119.jpg,sunrise
Image_120.jpg,rainy
Image_121.jpg,foggy
Image_122.jpg,shine
Image_123.jpg,rainy
Image_124.jpg,foggy
Image_125.jpg,foggy
Image_126.jpg,sunrise
Image_127.jpg,cloudy
Image_128.jpg,foggy
Image_129.jpg,cloudy
Image_130.jpg,foggy
Image_131.jpg,shine
Image_132.jpg,shine
Image_133.jpg,sunrise
Image_134.jpg,cloudy
Image_135.jpg,foggy
Image_136.jpg,shine
Image_137.jpg,rainy
Image_138.jpg,cloudy
Image_139.jpg,shine
Image_140.jpg,rainy
Image_141.jpg,foggy
Image_142.jpg,shine
Image_143.jpg,cloudy
Image_144.jpg,foggy
Image_145.jpg,shine
Image_146.jpg,sunrise
Image_147.jpg,shine
Image_148.jpg,sunrise
Image_149.jpg,rainy
Image_150.jpg,sunrise
Image_151.jpg,foggy
Image_152.jpg,sunrise
Image_153.jpg,sunrise
Image_154.jpg,foggy
Image_155.jpg,rainy
Image_156.jpg,shine
Image_157.jpg,shine
Image_158.jpg,rainy
Image_159.jpg,foggy
Image_160.jpg,cloudy
Image_161.jpg,rainy
Image_162.jpg,cloudy
Image_163.jpg,cloudy
Image_164.jpg,cloudy
Image_165.jpg,foggy
Image_166.jpg,shine
Image_167.jpg,sunrise
Image_168.jpg,cloudy
Image_169.jpg,shine
Image_170.jpg,shine
Image_171.jpg,sunrise
Image_172.jpg,cloudy
Image_173.jpg,foggy
Image_174.jpg,sunrise
Image_175.jpg,rainy
Image_176.jpg,sunrise
Image_177.jpg,sunrise
Image_178.jpg,shine
Image_179.jpg,cloudy
Image_180.jpg,foggy
Image_181.jpg,shine
Image_182.jpg,foggy
Image_183.jpg,rainy
Image_184.jpg,sunrise
Image_185.jpg,rainy
Image_186.jpg,cloudy
Image_187.jpg,sunrise
Image_188.jpg,shine
Image_189.jpg,shine
Image_190.jpg,sunrise
Image_191.jpg,sunrise
Image_192.jpg,sunrise
Image_193.jpg,rainy
Image_194.jpg,foggy
Image_195.jpg,rainy
Image_196.jpg,foggy
Image_197.jpg,foggy
Image_198.jpg,sunrise
Image_199.jpg,rainy
Image_200.jpg,foggy
Image_201.jpg,cloudy
Image_202.jpg,foggy
Image_203.jpg,sunrise
Image_204.jpg,foggy
Image_205.jpg,foggy
Image_206.jpg,shine
Image_207.jpg,rainy
Image_208.jpg,sunrise
Image_209.jpg,cloudy
Image_210.jpg,foggy
Image_211.jpg,rainy
Image_212.jpg,foggy
Image_213.jpg,cloudy
Image_214.jpg,foggy
Image_215.jpg,sunrise
Image_216.jpg,rainy
Image_217.jpg,cloudy
Image_218.jpg,foggy
Image_219.jpg,foggy
Image_220.jpg,cloudy
Image_221.jpg,rainy
Image_222.jpg,shine
Image_223.jpg,shine
Image_224.jpg,foggy
Image_225.jpg,rainy
Image_226.jpg,foggy
Image_227.jpg,cloudy
Image_228.jpg,sunrise
Image_229.jpg,sunrise
Image_230.jpg,foggy
Image_231.jpg,sunrise
Image_232.jpg,sunrise
Image_233.jpg,rainy
Image_234.jpg,shine
Image_235.jpg,shine
Image_236.jpg,rainy
Image_237.jpg,cloudy
Image_238.jpg,sunrise
Image_239.jpg,sunrise
Image_240.jpg,sunrise
Image_241.jpg,foggy
Image_242.jpg,cloudy
Image_243.jpg,shine
Image_244.jpg,cloudy
Image_245.jpg,sunrise
Image_246.jpg,cloudy
Image_247.jpg,cloudy
Image_248.jpg,rainy
Image_249.jpg,shine
Image_250.jpg,sunrise
Image_251.jpg,shine
Image_252.jpg,sunrise
Image_253.jpg,sunrise
Image_254.jpg,sunrise
Image_255.jpg,shine
Image_256.jpg,rainy
Image_257.jpg,foggy
Image_258.jpg,rainy
Image_259.jpg,foggy
Image_260.jpg,foggy
Image_261.jpg,sunrise
Image_262.jpg,rainy
Image_263.jpg,sunrise
Image_264.jpg,cloudy
Image_265.jpg,foggy
Image_266.jpg,shine
Image_267.jpg,cloudy
Image_268.jpg,foggy
Image_269.jpg,cloudy
Image_270.jpg,sunrise
Image_271.jpg,shine
Image_272.jpg,foggy
Image_273.jpg,cloudy
Image_274.jpg,sunrise
Image_275.jpg,rainy
Image_276.jpg,sunrise
Image_277.jpg,shine
Image_278.jpg,rainy
Image_279.jpg,cloudy
Image_280.jpg,cloudy
Image_281.jpg,shine
Image_282.jpg,shine
Image_283.jpg,foggy
Image_284.jpg,sunrise
Image_285.jpg,shine
Image_286.jpg,shine
Image_287.jpg,rainy
Image_288.jpg,cloudy
Image_289.jpg,cloudy
Image_290.jpg,sunrise
Image_291.jpg,sunrise
Image_292.jpg,shine
Image_293.jpg,foggy
Image_294.jpg,foggy
Image_295.jpg,cloudy
Image_296.jpg,foggy
Image_297.jpg,cloudy
Image_298.jpg,sunrise
Image_299.jpg,rainy
Image_300.jpg,sunrise
Image_301.jpg,shine
Image_302.jpg,shine
Image_303.jpg,sunrise
Image_304.jpg,shine
Image_305.jpg,sunrise
Image_306.jpg,cloudy
Image_307.jpg,sunrise
Image_308.jpg,rainy
Image_309.jpg,rainy
Image_310.jpg,cloudy
Image_311.jpg,sunrise
Image_312.jpg,shine
Image_313.jpg,sunrise
Image_314.jpg,rainy
Image_315.jpg,foggy
Image_316.jpg,shine
Image_317.jpg,rainy
Image_318.jpg,sunrise
Image_319.jpg,shine
Image_320.jpg,sunrise
Image_321.jpg,shine
Image_322.jpg,shine
Image_323.jpg,foggy
Image_324.jpg,sunrise
Image_325.jpg,cloudy
Image_326.jpg,rainy
Image_327.jpg,rainy
Image_328.jpg,rainy
Image_329.jpg,rainy
Image_330.jpg,foggy
Image_331.jpg,rainy
Image_332.jpg,foggy
Image_333.jpg,sunrise
Image_334.jpg,shine
Image_335.jpg,shine
Image_336.jpg,cloudy
Image_337.jpg,rainy
Image_338.jpg,cloudy
Image_339.jpg,rainy
Image_340.jpg,cloudy
Image_341.jpg,foggy
Image_342.jpg,cloudy
Image_343.jpg,rainy
Image_344.jpg,rainy
Image_345.jpg,rainy
Image_346.jpg,sunrise
Image_347.jpg,rainy
Image_348.jpg,sunrise
Image_349.jpg,foggy
Image_350.jpg,cloudy
Image_351.jpg,shine
Image_352.jpg,sunrise
Image_353.jpg,sunrise
Image_354.jpg,cloudy
Image_355.jpg,foggy
Image_356.jpg,cloudy
Image_357.jpg,cloudy
Image_358.jpg,sunrise
Image_359.jpg,rainy
Image_360.jpg,rainy
Image_361.jpg,shine
Image_362.jpg,sunrise
Image_363.jpg,sunrise
Image_364.jpg,sunrise
Image_365.jpg,sunrise
Image_366.jpg,rainy
Image_367.jpg,rainy
Image_368.jpg,sunrise
Image_369.jpg,sunrise
Image_370.jpg,shine
Image_371.jpg,shine
Image_372.jpg,shine
Image_373.jpg,foggy
Image_374.jpg,foggy
Image_375.jpg,rainy
Image_376.jpg,shine
Image_377.jpg,cloudy
Image_378.jpg,sunrise
Image_379.jpg,cloudy
Image_380.jpg,sunrise
Image_381.jpg,sunrise
Image_382.jpg,cloudy
Image_383.jpg,foggy
Image_384.jpg,shine
Image_385.jpg,rainy
Image_386.jpg,rainy
Image_387.jpg,cloudy
Image_388.jpg,cloudy
Image_389.jpg,sunrise
Image_390.jpg,sunrise
Image_391.jpg,sunrise
Image_392.jpg,rainy
Image_393.jpg,rainy
Image_394.jpg,foggy
Image_395.jpg,foggy
Image_396.jpg,sunrise
Image_397.jpg,cloudy
Image_398.jpg,foggy
Image_399.jpg,rainy
Image_400.jpg,sunrise
Image_401.jpg,cloudy
Image_402.jpg,cloudy
Image_403.jpg,cloudy
Image_404.jpg,rainy
Image_405.jpg,sunrise
Image_406.jpg,cloudy
Image_407.jpg,sunrise
Image_408.jpg,sunrise
Image_409.jpg,sunrise
Image_410.jpg,foggy
Image_411.jpg,rainy
Image_412.jpg,shine
Image_413.jpg,cloudy
Image_414.jpg,cloudy
Image_415.jpg,rainy
Image_416.jpg,foggy
Image_417.jpg,rainy
Image_418.jpg,shine
Image_419.jpg,rainy
Image_420.jpg,cloudy
Image_421.jpg,foggy
Image_422.jpg,sunrise
Image_423.jpg,rainy
Image_424.jpg,rainy
Image_425.jpg,sunrise
Image_426.jpg,shine
Image_427.jpg,rainy
Image_428.jpg,rainy
Image_429.jpg,sunrise
Image_430.jpg,cloudy
Image_431.jpg,sunrise
Image_432.jpg,sunrise
Image_433.jpg,foggy
Image_434.jpg,foggy
Image_435.jpg,rainy
Image_436.jpg,cloudy
Image_437.jpg,shine
Image_438.jpg,cloudy
Image_439.jpg,shine
Image_440.jpg,sunrise
Image_441.jpg,sunrise
Image_442.jpg,sunrise
Image_443.jpg,cloudy
Image_444.jpg,shine
Image_445.jpg,sunrise
Image_446.jpg,sunrise
Image_447.jpg,rainy
Image_448.jpg,sunrise
Image_449.jpg,foggy
Image_450.jpg,cloudy
Image_451.jpg,sunrise
Image_452.jpg,sunrise
Image_453.jpg,cloudy
Image_454.jpg,foggy
Image_455.jpg,cloudy
Image_456.jpg,cloudy
Image_457.jpg,rainy
Image_458.jpg,cloudy
Image_459.jpg,rainy
Image_460.jpg,rainy
Image_461.jpg,foggy
Image_462.jpg,rainy
Image_463.jpg,shine
Image_464.jpg,cloudy
Image_465.jpg,sunrise
Image_466.jpg,foggy
Image_467.jpg,cloudy
Image_468.jpg,shine
Image_469.jpg,cloudy
Image_470.jpg,sunrise
Image_471.jpg,shine
Image_472.jpg,sunrise
Image_473.jpg,shine
Image_474.jpg,sunrise
Image_475.jpg,cloudy
Image_476.jpg,foggy
Image_477.jpg,foggy
Image_478.jpg,foggy
Image_479.jpg,sunrise
Image_480.jpg,sunrise
Image_481.jpg,foggy
Image_482.jpg,rainy
Image_483.jpg,cloudy
Image_484.jpg,shine
Image_485.jpg,foggy
Image_486.jpg,foggy
Image_487.jpg,sunrise
Image_488.jpg,shine
Image_489.jpg,rainy
Image_490.jpg,foggy
Image_491.jpg,sunrise
Image_492.jpg,cloudy
Image_493.jpg,rainy
Image_494.jpg,cloudy
Image_495.jpg,shine
Image_496.jpg,sunrise
Image_497.jpg,rainy
Image_498.jpg,foggy
Image_499.jpg,shine
Image_500.jpg,sunrise
Image_501.jpg,cloudy
Image_502.jpg,rainy
Image_503.jpg,foggy
Image_504.jpg,foggy
Image_505.jpg,cloudy
Image_506.jpg,shine
Image_507.jpg,foggy
Image_508.jpg,foggy
Image_509.jpg,foggy
Image_510.jpg,foggy
Image_511.jpg,cloudy
Image_512.jpg,cloudy
Image_513.jpg,foggy
Image_514.jpg,sunrise
Image_515.jpg,sunrise
Image_516.jpg,rainy
Image_517.jpg,cloudy
Image_518.jpg,rainy
Image_519.jpg,foggy
Image_520.jpg,rainy
Image_521.jpg,foggy
Image_522.jpg,sunrise
Image_523.jpg,cloudy
Image_524.jpg,sunrise
Image_525.jpg,sunrise
Image_526.jpg,foggy
Image_527.jpg,rainy
Image_528.jpg,cloudy
Image_529.jpg,rainy
Image_530.jpg,sunrise
Image_531.jpg,rainy
Image_532.jpg,rainy
Image_533.jpg,cloudy
Image_534.jpg,sunrise
Image_535.jpg,shine
Image_536.jpg,foggy
Image_537.jpg,sunrise
Image_538.jpg,shine
Image_539.jpg,rainy
Image_540.jpg,foggy
Image_541.jpg,cloudy
Image_542.jpg,foggy
Image_543.jpg,cloudy
Image_544.jpg,cloudy
Image_545.jpg,rainy
Image_546.jpg,cloudy
Image_547.jpg,sunrise
Image_548.jpg,cloudy
Image_549.jpg,shine
Image_550.jpg,rainy
Image_551.jpg,foggy
Image_552.jpg,foggy
Image_553.jpg,rainy
Image_554.jpg,foggy
Image_555.jpg,rainy
Image_556.jpg,foggy
Image_557.jpg,foggy
Image_558.jpg,cloudy
Image_559.jpg,rainy
Image_560.jpg,foggy
Image_561.jpg,sunrise
Image_562.jpg,rainy
Image_563.jpg,rainy
Image_564.jpg,foggy
Image_565.jpg,cloudy
Image_566.jpg,rainy
Image_567.jpg,rainy
Image_568.jpg,rainy
Image_569.jpg,sunrise
Image_570.jpg,sunrise
Image_571.jpg,shine
Image_572.jpg,rainy
Image_573.jpg,rainy
Image_574.jpg,rainy
Image_575.jpg,foggy
Image_576.jpg,cloudy
Image_577.jpg,cloudy
Image_578.jpg,rainy
Image_579.jpg,rainy
Image_580.jpg,shine
Image_581.jpg,foggy
Image_582.jpg,cloudy
Image_583.jpg,cloudy
Image_584.jpg,cloudy
Image_585.jpg,rainy
Image_586.jpg,shine
Image_587.jpg,rainy
Image_588.jpg,rainy
Image_589.jpg,cloudy
Image_590.jpg,rainy
Image_591.jpg,rainy
Image_592.jpg,sunrise
Image_593.jpg,cloudy
Image_594.jpg,rainy
Image_595.jpg,cloudy
Image_596.jpg,foggy
Image_597.jpg,foggy
Image_598.jpg,foggy
Image_599.jpg,foggy
Image_600.jpg,rainy
Image_601.jpg,shine
Image_602.jpg,sunrise
Image_603.jpg,shine
Image_604.jpg,cloudy
Image_605.jpg,rainy
Image_606.jpg,cloudy
Image_607.jpg,rainy
Image_608.jpg,sunrise
Image_609.jpg,sunrise
Image_610.jpg,sunrise
Image_611.jpg,shine
Image_612.jpg,sunrise
Image_613.jpg,cloudy
Image_614.jpg,cloudy
Image_615.jpg,shine
Image_616.jpg,sunrise
Image_617.jpg,cloudy
Image_618.jpg,cloudy
Image_619.jpg,shine
Image_620.jpg,foggy
Image_621.jpg,foggy
Image_622.jpg,shine
Image_623.jpg,foggy
Image_624.jpg,foggy
Image_625.jpg,cloudy
Image_626.jpg,rainy
Image_627.jpg,rainy
Image_628.jpg,sunrise
Image_629.jpg,foggy
Image_630.jpg,foggy
Image_631.jpg,cloudy
Image_632.jpg,sunrise
Image_633.jpg,cloudy
Image_634.jpg,sunrise
Image_635.jpg,shine
Image_636.jpg,rainy
Image_637.jpg,cloudy
Image_638.jpg,shine
Image_639.jpg,cloudy
Image_640.jpg,sunrise
Image_641.jpg,cloudy
Image_642.jpg,shine
Image_643.jpg,sunrise
Image_644.jpg,shine
Image_645.jpg,sunrise
Image_646.jpg,sunrise
Image_647.jpg,cloudy
Image_648.jpg,sunrise
Image_649.jpg,sunrise
Image_650.jpg,cloudy
Image_651.jpg,sunrise
Image_652.jpg,sunrise
Image_653.jpg,shine
Image_654.jpg,rainy
Image_655.jpg,foggy
Image_656.jpg,sunrise
Image_657.jpg,foggy
Image_658.jpg,shine
Image_659.jpg,sunrise
Image_660.jpg,shine
Image_661.jpg,sunrise
Image_662.jpg,sunrise
Image_663.jpg,foggy
Image_664.jpg,foggy
Image_665.jpg,foggy
Image_666.jpg,rainy
Image_667.jpg,cloudy
Image_668.jpg,cloudy
Image_669.jpg,cloudy
Image_670.jpg,foggy
Image_671.jpg,rainy
Image_672.jpg,shine
Image_673.jpg,foggy
Image_674.jpg,cloudy
Image_675.jpg,sunrise
Image_676.jpg,cloudy
Image_677.jpg,cloudy
Image_678.jpg,cloudy
Image_679.jpg,sunrise
Image_680.jpg,shine
Image_681.jpg,cloudy
Image_682.jpg,cloudy
Image_683.jpg,shine
Image_684.jpg,rainy
Image_685.jpg,rainy
Image_686.jpg,cloudy
Image_687.jpg,sunrise
Image_688.jpg,shine
Image_689.jpg,shine
Image_690.jpg,cloudy
Image_691.jpg,rainy
Image_692.jpg,shine
Image_693.jpg,foggy
Image_694.jpg,cloudy
Image_695.jpg,cloudy
Image_696.jpg,sunrise
Image_697.jpg,cloudy
Image_698.jpg,shine
Image_699.jpg,rainy
Image_700.jpg,shine
Image_701.jpg,shine
Image_702.jpg,shine
Image_703.jpg,foggy
Image_704.jpg,sunrise
Image_705.jpg,shine
Image_706.jpg,sunrise
Image_707.jpg,rainy
Image_708.jpg,foggy
Image_709.jpg,foggy
Image_710.jpg,foggy
Image_711.jpg,shine
Image_712.jpg,rainy
Image_713.jpg,sunrise
Image_714.jpg,sunrise
Image_715.jpg,shine
Image_716.jpg,shine
Image_717.jpg,cloudy
Image_718.jpg,rainy
Image_719.jpg,shine
Image_720.jpg,rainy
Image_721.jpg,rainy
Image_722.jpg,sunrise
Image_723.jpg,cloudy
Image_724.jpg,rainy
Image_725.jpg,cloudy
Image_726.jpg,rainy
Image_727.jpg,foggy
Image_728.jpg,rainy
Image_729.jpg,rainy
Image_730.jpg,cloudy
Image_731.jpg,cloudy
Image_732.jpg,cloudy
Image_733.jpg,foggy
Image_734.jpg,shine
Image_735.jpg,rainy
Image_736.jpg,foggy
Image_737.jpg,shine
Image_738.jpg,shine
Image_739.jpg,foggy
Image_740.jpg,foggy
Image_741.jpg,foggy
Image_742.jpg,rainy
Image_743.jpg,shine
Image_744.jpg,rainy
Image_745.jpg,cloudy
Image_746.jpg,sunrise
Image_747.jpg,shine
Image_748.jpg,rainy
Image_749.jpg,foggy
Image_750.jpg,sunrise
Image_751.jpg,rainy
Image_752.jpg,shine
Image_753.jpg,sunrise
Image_754.jpg,rainy
Image_755.jpg,foggy
Image_756.jpg,sunrise
Image_757.jpg,sunrise
Image_758.jpg,sunrise
Image_759.jpg,sunrise
Image_760.jpg,sunrise
Image_761.jpg,foggy
Image_762.jpg,foggy
Image_763.jpg,rainy
Image_764.jpg,sunrise
Image_765.jpg,cloudy
Image_766.jpg,shine
Image_767.jpg,foggy
Image_768.jpg,cloudy
Image_769.jpg,foggy
Image_770.jpg,sunrise
Image_771.jpg,rainy
Image_772.jpg,cloudy
Image_773.jpg,foggy
Image_774.jpg,foggy
Image_775.jpg,sunrise
Image_776.jpg,foggy
Image_777.jpg,sunrise
Image_778.jpg,cloudy
Image_779.jpg,cloudy
Image_780.jpg,foggy
Image_781.jpg,foggy
Image_782.jpg,cloudy
Image_783.jpg,cloudy
Image_784.jpg,rainy
Image_785.jpg,foggy
Image_786.jpg,sunrise
Image_787.jpg,sunrise
Image_788.jpg,sunrise
Image_789.jpg,shine
Image_790.jpg,sunrise
Image_791.jpg,foggy
Image_792.jpg,foggy
Image_793.jpg,shine
Image_794.jpg,cloudy
Image_795.jpg,rainy
Image_796.jpg,cloudy
Image_797.jpg,rainy
Image_798.jpg,sunrise
Image_799.jpg,cloudy
Image_800.jpg,foggy
Image_801.jpg,foggy
Image_802.jpg,cloudy
Image_803.jpg,rainy
Image_804.jpg,cloudy
Image_805.jpg,foggy
Image_806.jpg,shine
Image_807.jpg,foggy
Image_808.jpg,foggy
Image_809.jpg,rainy
Image_810.jpg,shine
Image_811.jpg,foggy
Image_812.jpg,sunrise
Image_813.jpg,sunrise
Image_814.jpg,foggy
Image_815.jpg,cloudy
Image_816.jpg,shine
Image_817.jpg,shine
Image_818.jpg,foggy
Image_819.jpg,foggy
Image_820.jpg,foggy
Image_821.jpg,rainy
Image_822.jpg,cloudy
Image_823.jpg,cloudy
Image_824.jpg,sunrise
Image_825.jpg,rainy
Image_826.jpg,sunrise
Image_827.jpg,cloudy
Image_828.jpg,foggy
Image_829.jpg,sunrise
Image_830.jpg,sunrise
Image_831.jpg,shine
Image_832.jpg,shine
Image_833.jpg,shine
Image_834.jpg,foggy
Image_835.jpg,foggy
Image_836.jpg,sunrise
Image_837.jpg,shine
Image_838.jpg,shine
Image_839.jpg,foggy
Image_840.jpg,sunrise
Image_841.jpg,rainy
Image_842.jpg,sunrise
Image_843.jpg,rainy
Image_844.jpg,rainy
Image_845.jpg,foggy
Image_846.jpg,foggy
Image_847.jpg,cloudy
Image_848.jpg,cloudy
Image_849.jpg,cloudy
Image_850.jpg,sunrise
Image_851.jpg,sunrise
Image_852.jpg,sunrise
Image_853.jpg,rainy
Image_854.jpg,shine
Image_855.jpg,foggy
Image_856.jpg,cloudy
Image_857.jpg,cloudy
Image_858.jpg,sunrise
Image_859.jpg,shine
Image_860.jpg,foggy
Image_861.jpg,sunrise
Image_862.jpg,sunrise
Image_863.jpg,shine
Image_864.jpg,rainy
Image_865.jpg,cloudy
Image_866.jpg,cloudy
Image_867.jpg,sunrise
Image_868.jpg,rainy
Image_869.jpg,sunrise
Image_870.jpg,cloudy
Image_871.jpg,rainy
Image_872.jpg,foggy
Image_873.jpg,rainy
Image_874.jpg,sunrise
Image_875.jpg,sunrise
Image_876.jpg,sunrise
Image_877.jpg,shine
Image_878.jpg,rainy
Image_879.jpg,sunrise
Image_880.jpg,foggy
Image_881.jpg,foggy
Image_882.jpg,foggy
Image_883.jpg,sunrise
Image_884.jpg,sunrise
Image_885.jpg,foggy
Image_886.jpg,cloudy
Image_887.jpg,foggy
Image_888.jpg,cloudy
Image_889.jpg,shine
Image_890.jpg,shine
Image_891.jpg,sunrise
Image_892.jpg,rainy
Image_893.jpg,cloudy
Image_894.jpg,cloudy
Image_895.jpg,rainy
Image_896.jpg,cloudy
Image_897.jpg,shine
Image_898.jpg,cloudy
Image_899.jpg,cloudy
Image_900.jpg,rainy
Image_901.jpg,rainy
Image_902.jpg,rainy
Image_903.jpg,rainy
Image_904.jpg,shine
Image_905.jpg,cloudy
Image_906.jpg,rainy
Image_907.jpg,shine
Image_908.jpg,foggy
Image_909.jpg,foggy
Image_910.jpg,rainy
Image_911.jpg,shine
Image_912.jpg,sunrise
Image_913.jpg,rainy
Image_914.jpg,rainy
Image_915.jpg,rainy
Image_916.jpg,sunrise
Image_917.jpg,foggy
Image_918.jpg,sunrise
Image_919.jpg,cloudy
Image_920.jpg,rainy
Image_921.jpg,sunrise
Image_922.jpg,sunrise
Image_923.jpg,foggy
Image_924.jpg,sunrise
Image_925.jpg,foggy
Image_926.jpg,foggy
Image_927.jpg,shine
Image_928.jpg,foggy
Image_929.jpg,foggy
Image_930.jpg,rainy
Image_931.jpg,rainy
Image_932.jpg,sunrise
Image_933.jpg,rainy
Image_934.jpg,sunrise
Image_935.jpg,rainy
Image_936.jpg,sunrise
Image_937.jpg,sunrise
Image_938.jpg,sunrise
Image_939.jpg,shine
Image_940.jpg,foggy
Image_941.jpg,cloudy
Image_942.jpg,sunrise
Image_943.jpg,shine
Image_944.jpg,shine
Image_945.jpg,foggy
Image_946.jpg,foggy
Image_947.jpg,sunrise
Image_948.jpg,sunrise
Image_949.jpg,sunrise
Image_950.jpg,foggy
Image_951.jpg,shine
Image_952.jpg,sunrise
Image_953.jpg,rainy
Image_954.jpg,shine
Image_955.jpg,sunrise
Image_956.jpg,shine
Image_957.jpg,cloudy
Image_958.jpg,cloudy
Image_959.jpg,sunrise
Image_960.jpg,rainy
Image_961.jpg,rainy
Image_962.jpg,foggy
Image_963.jpg,cloudy
Image_964.jpg,sunrise
Image_965.jpg,cloudy
Image_966.jpg,shine
Image_967.jpg,foggy
Image_968.jpg,sunrise
Image_969.jpg,shine
Image_970.jpg,rainy
Image_971.jpg,shine
Image_972.jpg,foggy
Image_973.jpg,cloudy
Image_974.jpg,rainy
Image_975.jpg,cloudy
Image_976.jpg,rainy
Image_977.jpg,shine
Image_978.jpg,rainy
Image_979.jpg,foggy
Image_980.jpg,cloudy
Image_981.jpg,foggy
Image_982.jpg,cloudy
Image_983.jpg,foggy
Image_984.jpg,sunrise
Image_985.jpg,shine
Image_986.jpg,cloudy
Image_987.jpg,cloudy
Image_988.jpg,foggy
Image_989.jpg,foggy
Image_990.jpg,cloudy
Image_991.jpg,foggy
Image_992.jpg,foggy
Image_993.jpg,sunrise
Image_994.jpg,shine
Image_995.jpg,shine
Image_996.jpg,cloudy
Image_997.jpg,sunrise
Image_998.jpg,cloudy
Image_999.jpg,rainy
Image_1000.jpg,cloudy
Image_1001.jpg,sunrise
Image_1002.jpg,sunrise
Image_1003.jpg,sunrise
Image_1004.jpg,rainy
Image_1005.jpg,sunrise
Image_1006.jpg,rainy
Image_1007.jpg,cloudy
Image_1008.jpg,sunrise
Image_1009.jpg,foggy
Image_1010.jpg,sunrise
Image_1011.jpg,rainy
Image_1012.jpg,foggy
Image_1013.jpg,rainy
Image_1014.jpg,sunrise
Image_1015.jpg,foggy
Image_1016.jpg,sunrise
Image_1017.jpg,shine
Image_1018.jpg,sunrise
Image_1019.jpg,sunrise
Image_1020.jpg,cloudy
Image_1021.jpg,foggy
Image_1022.jpg,rainy
Image_1023.jpg,rainy
Image_1024.jpg,rainy
Image_1025.jpg,cloudy
Image_1026.jpg,rainy
Image_1027.jpg,shine
Image_1028.jpg,sunrise
Image_1029.jpg,shine
Image_1030.jpg,cloudy
Image_1031.jpg,cloudy
Image_1032.jpg,shine
Image_1033.jpg,foggy
Image_1034.jpg,sunrise
Image_1035.jpg,cloudy
Image_1036.jpg,sunrise
Image_1037.jpg,foggy
Image_1038.jpg,shine
Image_1039.jpg,foggy
Image_1040.jpg,shine
Image_1041.jpg,cloudy
Image_1042.jpg,sunrise
Image_1043.jpg,sunrise
Image_1044.jpg,foggy
Image_1045.jpg,sunrise
Image_1046.jpg,cloudy
Image_1047.jpg,rainy
Image_1048.jpg,sunrise
